<?xml version="1.0" encoding="UTF-8"?>
<!DOCTYPE suite SYSTEM "http://testng.org/testng-1.0.dtd">
<suite name="Suite">
	<test thread-count="5" name="Test">
		<parameter name="username" value="mercury"></parameter>
		<parameter name="password" value="mercury"></parameter>
		<parameter name="tripType" value="One Way"></parameter>
		<parameter name="passengerCount" value="1"></parameter>
		<parameter name="departFrom" value="New York"></parameter>
		<parameter name="departmonth" value="November"></parameter>
		<parameter name="departDay" value="19"></parameter>
		<parameter name="arrivePort" value="London"></parameter>
		<parameter name="arriveMonth" value="November"></parameter>
		<parameter name="arriveDay" value="20"></parameter>
		<parameter name="serviceClass" value="Business class"></parameter>
		<parameter name="airLine" value="Unified Airlines"></parameter>
		<parameter name="departFlight" value="Unified Airlines 363 281 11:24"></parameter>
		<parameter name="returnFlight" value="Pangea Skies Airlines 632 282 16:37"></parameter>
		<classes>
			<class name="com.mercury.testCases.HomePageTest" />
		</classes>
	</test> <!-- Test -->
</suite> <!-- Suite -->