<?xml version="1.0" encoding="UTF-8"?>
<!DOCTYPE suite SYSTEM "http://testng.org/testng-1.0.dtd">
<suite name="Suite1">
	<test name="SignUpTest">
		<parameter name="testName" value="SignUpTest"></parameter>
		<parameter name="firstname" value="Bhagwat" />
		<parameter name="lastname" value="Prajapati" />
		<parameter name="username" value="Bhagwat12345" />
		<parameter name="password" value="Bhagwat12345@" />
		<parameter name="month" value="January" />
		<parameter name="day" value="01" />
		<parameter name="year" value="1994" />
		<parameter name="gender" value="Male" />
		<parameter name="mobileNumber" value="9752509094" />
		<parameter name="recoveryEmail" value="Bhagwat9094@gmail.com" />
		<classes>
			<class name="testCase.SignUpTest" />
			<class name="utility.LogDemo" />
		</classes>
	</test>
	<!-- <test name="Test1">
		<parameter name="firstname" value="Vidit" />
		<parameter name="lastname" value="Kumar" />
		<parameter name="username" value="Vidit12345" />
		<parameter name="password" value="Vidit12345@" />
		<parameter name="month" value="March" />
		<parameter name="day" value="09" />
		<parameter name="year" value="1993" />
		<parameter name="gender" value="Male" />
		<parameter name="mobileNumber" value="9752509099" />
		<parameter name="recoveryEmail" value="Vidit9094@gmail.com" />
		<classes>
			<class name="testCase.SignUpTest" />
		</classes>
	</test>
	<test name="Test2">
		<parameter name="firstname" value="Gourab" />
		<parameter name="lastname" value="Kumar" />
		<parameter name="username" value="Gourab12345" />
		<parameter name="password" value="Gourab12345@" />
		<parameter name="month" value="April" />
		<parameter name="day" value="11" />
		<parameter name="year" value="1992" />
		<parameter name="gender" value="Male" />
		<parameter name="mobileNumber" value="9752509092" />
		<parameter name="recoveryEmail" value="gourab9094@gmail.com" />
		<classes>
			<class name="testCase.SignUpTest" />
		</classes>
	</test>
 --></suite> 
